{ 
    
    "Platform5-2": [
        {
            "shape": [ 542,101, 527,63, 540,66 ]
        },
        {
            "shape": [ 313.66665649414062,65.666664123535156, 402,67, 542,101, 556,114, 33,128, 27,81 ]
        },
        {
            "shape": [ 542,101, 402,67, 428,60, 516,56, 527,63 ]
        }
    ]
    , 
    "r": [
        {
            "shape": [ 33,112, 12,65, 31,8, 74,7, 88.5,66, 74,111 ]
        }
    ]
    // , 
    // "Platform5-1": [
    //     {
    //         "shape": [ 18,101, 60,71, 99,51, 80,118, 18,161.5 ]
    //     },
    //     {
    //         "shape": [ 99,51, 145,38, 187,33, 164,78, 80,118 ]
    //     },
    //     {
    //         "shape": [ 362,90.5, 305,39, 372,35.5, 452,93, 442,120 ]
    //     },
    //     {
    //         "shape": [ 164,78, 187,33, 305,39, 362,90.5 ]
    //     }
    // ]
    // , 
    // "Platform1": [
    //     {
    //         "shape": [ 311,117, 221,195, 239,155, 307,81 ]
    //     },
    //     {
    //         "shape": [ 221,195, 103,274, 45,274, 171,187, 239,155 ]
    //     },
    //     {
    //         "shape": [ 45,274, 103,274, 35,276.5 ]
    //     }
    // ]
    // , 
    // "Platform2-1": [
    //     {
    //         "shape": [ 100,95, 176,101, 351,139, 11,135, 12,98 ]
    //     },
    //     {
    //         "shape": [ 351,139, 176,101, 347,103 ]
    //     }
    // ]
    // , 
    // "Platform2-2": [
    //     {
    //         "shape": [ 44,85, 70,70, 67,100, 16,107 ]
    //     },
    //     {
    //         "shape": [ 255,75, 318,112, 67,100, 70,70 ]
    //     },
    //     {
    //         "shape": [ 255,75, 318,63, 318,112 ]
    //     }
    // ]
    // , 
    // "Platform2-3": [
    //     {
    //         "shape": [ 273,90, 211,63, 212,62, 252,60 ]
    //     },
    //     {
    //         "shape": [ 165,81, 273,90, 90,108, 89,80 ]
    //     },
    //     {
    //         "shape": [ 211,63, 273,90, 165,81 ]
    //     }
    // ]
    // , 
    // "Platform2-4": [
    //     {
    //         "shape": [ 148,71, 107,97, 104,70 ]
    //     },
    //     {
    //         "shape": [ 251,104, 107,97, 148,71, 188,64, 220,67, 254,84 ]
    //     }
    // ]
    // , 
    // "Platform2-5": [
    //     {
    //         "shape": [ 60,50, 61,50, 298,59, 307,113, 60,118 ]
    //     }
    // ]
    // , 
    // "Platform2": [
    //     {
    //         "shape": [ 292,246, 99,195, 120,159, 222,175, 307,205 ]
    //     }
    // ]
    // , 
    // "Platform3-1": [
    //     {
    //         "shape": [ 65,65, 190,71, 121,108, 56,118 ]
    //     },
    //     {
    //         "shape": [ 661,101, 598,45, 642,41 ]
    //     },
    //     {
    //         "shape": [ 190,71, 239,54, 384,53, 347,120, 121,108 ]
    //     },
    //     {
    //         "shape": [ 561,36, 598,45, 661,101, 347,120, 384,53 ]
    //     }
    // ]
    // , 
    // "Platform3-2": [
    //     {
    //         "shape": [ 65,70, 349,101, 422,127, 113,143, 27,113 ]
    //     },
    //     {
    //         "shape": [ 625,91, 422,127, 566,59, 691,46 ]
    //     },
    //     {
    //         "shape": [ 422,127, 401,88, 425,67, 566,59 ]
    //     },
    //     {
    //         "shape": [ 422,127, 349,101, 401,88 ]
    //     }
    // ]
    // , 
    // "Platform3-3": [
    //     {
    //         "shape": [ 554,200, 220,163, 243,138, 473,102 ]
    //     },
    //     {
    //         "shape": [ 220,163, 554,200, 159,212, 195,164 ]
    //     },
    //     {
    //         "shape": [ 76,288, 159,212, 554,200, 645,288 ]
    //     }
    // ]
    // , 
    // "Platform3": [,
    //     {
    //         "shape": [ 256,221, 351,179, 141,344, 104,296 ]
    //     },
    //     {
    //         "shape": [ 477,99, 634,119, 454,123, 391,118, 423,100 ]
    //     },
    //     {
    //         "shape": [ 634,119, 477,99, 639,94 ]
    //     },
    //     {
    //         "shape": [ 391,118, 454,123, 351,179, 256,221 ]
    //     }
    // ]
    // , 
    // "Platform4-1": [
    //     {
    //         "shape": [ 504,181, 178,167, 383,120, 466,120, 545,124 ]
    //     },
    //     {
    //         "shape": [ 200,123, 383,120, 178,167, 174,153 ]
    //     },
    //     {
    //         "shape": [ 383,120, 447,114, 466,120 ]
    //     }
    // ]
    // , 
    // "Platform4-2": [
    //     {
    //         "shape": [ 179,130, 280,106, 232,143, 146,191 ]
    //     },
    //     {
    //         "shape": [ 280,106, 393,99, 432,103, 407,156, 232,143 ]
    //     },
    //     {
    //         "shape": [ 432,103, 568,222, 536,234, 407,156 ]
    //     }
    // ]
    // , 
    // "Platform4-3": [
    //     {
    //         "shape": [ 911,176, 910,140, 934,126, 978,196 ]
    //     },
    //     {
    //         "shape": [ 881,122, 838,89, 934,126, 910,140 ]
    //     },
    //     {
    //         "shape": [ 23,184, 109,112, 239,51, 213,142, 4,260 ]
    //     },
    //     {
    //         "shape": [ 239,51, 388,25, 355,91, 213,142 ]
    //     },
    //     {
    //         "shape": [ 388,25, 600,41, 585,80, 355,91 ]
    //     },
    //     {
    //         "shape": [ 816,133, 734,104, 600,41, 838,89, 881,122 ]
    //     },
    //     {
    //         "shape": [ 734,104, 711,104, 585,80, 600,41 ]
    //     },
    //     {
    //         "shape": [ 585,80, 711,104, 733,120 ]
    //     }
    // ]
    // , 
    // "Platform4": [
    //     {
    //         "shape": [ 107,157, 215,151, 259,153, 185,186, 40,206, 43,172 ]
    //     },
    //     {
    //         "shape": [ 259,153, 334,170, 325,197, 185,186 ]
    //     }
    // ]
    // , 
    // "Platform5-3": [
    //     {
    //         "shape": [ 99,343, 57,313, 29,241, 119,249 ]
    //     },
    //     {
    //         "shape": [ 286,323, 260,361, 58,418, 36,381, 99,343, 242,297, 280,296 ]
    //     },
    //     {
    //         "shape": [ 57,313, 99,343, 36,381 ]
    //     },
    //     {
    //         "shape": [ 67,44, 56,78, 0,1, 63,19 ]
    //     },
    //     {
    //         "shape": [ 56,78, 56,129, 29,241, 0,279, 0,1 ]
    //     },
    //     {
    //         "shape": [ 0,279, 29,241, 57,313 ]
    //     }
    // ]
    // , 
    // "Platform5-4": [
    //     {
    //         "shape": [ 516,97, 267,252, 402,119, 455,80 ]
    //     },
    //     {
    //         "shape": [ 267,252, 44,349, 44,340, 58,301, 402,119 ]
    //     }
    // ]
    // , 
    // "Platform5-5": [
    //     {
    //         "shape": [ 28,164, 246,167, 276,192, 268,214, 80,216, 33,205 ]
    //     },
    //     {
    //         "shape": [ 285,179, 276,192, 246,167 ]
    //     },
    //     {
    //         "shape": [ 339,174, 471,212, 549,272, 276,192, 285,179 ]
    //     }
    // ]
    // , 
    // "Platform5-6": [
    //     {
    //         "shape": [ 73,334, 60,366, 33,315 ]
    //     },
    //     {
    //         "shape": [ 135,329, 234,349, 60,366, 73,334 ]
    //     },
    //     {
    //         "shape": [ 250,287, 340,281, 234,349, 135,329 ]
    //     },
    //     {
    //         "shape": [ 316,223, 414,185, 340,281, 250,287 ]
    //     },
    //     {
    //         "shape": [ 372,151, 454,84, 520,69, 516,122, 414,185, 316,223 ]
    //     },
    //     {
    //         "shape": [ 520,69, 681,79, 737,106, 516,122 ]
    //     },
    //     {
    //         "shape": [ 737,106, 800,163, 786,181, 619,115 ]
    //     }
    // ]
    // , 
    // "Platform6-1": [
    //     {
    //         "shape": [ 831,172, 760,67, 911,133, 921,224 ]
    //     },
    //     {
    //         "shape": [ 38,218, 101,173, 79,255, 43,283 ]
    //     },
    //     {
    //         "shape": [ 674,199, 662,128, 682,51, 760,67, 831,172 ]
    //     },
    //     {
    //         "shape": [ 117,128, 101,173, 38,218 ]
    //     },
    //     {
    //         "shape": [ 117,128, 237,84, 101,173 ]
    //     },
    //     {
    //         "shape": [ 237,84, 295,86, 298,94, 166,132 ]
    //     },
    //     {
    //         "shape": [ 509,84, 489,68, 682,51, 662,128 ]
